Inventarisatie tappunten waterleiding;;;;;;;;;;;;;;;
;;;;;;;;;;;;;;;
Object;;De la Salle Centraal terrein Boxtel;;;;;;;;;;;;;
Opdrachtgever;;RIF FM BV ;Tel nr locatie:;0411-652444;;;;;;;;;;;
Adres;;Schijndelseweg 1;Contactpersoon:;Dhr N. Hermkens;;;;;;;;;;;
Woonplaats;;Boxtel;Datum opname:;Week 25, 2015;;;;;;;;;;;
;;;;;;;;;;;;;;;
;;;;;;;;;;;;;;;
Contr.;Ruimte;Apparatuur/      ;Type;Aanwezige;Bev.;Totaal;;;;;Goedgekeurd;Afgekeurd;Opmerkingen;;
Nr.;Nr.;Aansluiting/;;Beveiliging;Code;aantal;EA;CA;Inlaat;BA;;;;;
;;Merk;;;;;;;;;;;;;
;VTB (vrije tijd besteding);;;;;;;;;;;;;;
78;Gang;Brandslanghaspel;;Contr. KK ;EA;1;1;;;;a;;;;
2;3 kreatief;Close in boiler;Vervallen;;;1;1;;;;;;;;
3;Keuken / vergaderkamer;Close in boiler;Vervallen;;;1;1;;;;;;;;
4;;Vaatwasser;;Beluchterkraan;DA;;;;;;;;;;
79;Kantoor;Vaatwasser;;Contr. KK;EA;1;1;;;;a;;;;
6;Pantry;Koffieapparaat;;Beluchter met niet contr. KK;DA/EB;;;;;;;;;;
80;Keuken;Vaatwasser;;Contr. KK;EA;1;1;;;;a;;;;
8;;Close in boiler;Vervallen;;;;;;;;;;;;
9;Kantoor;Afwasmachine;;Beluchter met niet contr. KK;DA/EB;;;;;;;;;;
10;Therapieruimte 1 Creatieve therapie;Close in boiler;Vervallen;;;;;;;;;;;;
86;Gang;BSH;;Contr. KK ;EA;1;1;;;;a;;;;
81;Buiten;Buitenkraan;;Contr. KK ;EA;1;1;;;;a;;;;
82;CV ruimte;CV vulpunt;;Onderbr. Met verschildruk-zone;CA;1;;1;;;a;;;;
83;;Circulatie leiding;;Contr. KK;EA;1;1;;;;a;;;;
84;;Binnenkomst water;;Contr. KK;EA;1;1;;;;a;;;;
84a;;Wm;;Contr. KK;EA;1;1;;;;a;;;;
85;;Boiler;Daalderop mono plus koper 50L;Inlaatcombinatie;;1;;;1;;a;;;;
;Facilitair gebouw;;;;;;;;;;;;;;
17;Counter (ruimte voor uitgifte restaurant);Koffieapparaat;;Beluchter met niet contr. KK;DA/EB;1;1;;;;;;;;
18-19;Warme Keuken;2 * Steamer;;Beluchterkraan;DA;1;1;;;;;;;;
5/6;;2 * Steamer;;Contr. KK;EA;2;2;;;;a;;;;
22;;Doseerapparaat;Ecolab Control Tower 4;Beuluchter zonder beweegbare delen ;DC;;;;;;;;;;
3/4;Spoelkeuken;Handknijpdouche;;Contr. KK Beide poorten;EA;2;2;;;;a;;;;
24;;Industr. Vaatwasser met dosering;;Onderbr. Met verschildruk-zone;CA;1;;1;;;a;;;;
25;;Doseerapparaat;Ecolab Top-master J30-i;Onderbr. Met verschildruk-zone;CA;;;;;;;;;;
2;Expeditieruimte;Aansluiting buitenkraan;;Contr. KK;EA;1;1;;;;a;;;;
27;Buiten via expeditieruimte;Buitenkraan;;Beluchterkraan;DA;1;;;1;;;;;;
1;Voorportaal keuken;Brandslanghaspel;;Contr. KK;EA;1;1;;;;a;;;;
8;Voorportaal restaurant;Brandslanghaspel;;Contr. KK;EA;1;1;;;;a;;;;
30;Restaurant;Koffieapparaat;;Beluchterkraan;DA;;19;2;2;;;;;;
9;;Koffieapparaat;;Contr. KK;EA;1;1;;;;a;;;;
;;;;;;;;;;;a;;;;
198;Ingang Sterk in Werk;Binnenkomst;;Contr. KK;EA;1;1;;;;a;;;;
11;Gang nabij trap;Brandslanghaspel;;Contr. KK;EA;1;1;;;;a;;;;
34;Ruimte automatisering naast kantoor TD;Voeding stoomvormer;;Atmosferische onderbreking (Breektank);AA/AB;;;;;;;;;;
;1e verdieping;;;;;;;;;;;;;;
14;Gang;Brandslanghaspel;;Contr. KK;EA;1;1;;;;a;;;;
13;Pantry;Koffieapparaat;;Contr. KK;EA;1;1;;;;a;;;;
37;;;;Beluchterkraan;DA;;;;;;;;;;
12;;Vaatwasser;;Contr. KK;EA;1;1;;;;a;;;;
39;;;;Beluchterkraan;DA;;;;;;;;;;
40;CV/installatie ruimte;CV vulpunt;Geen klep;Onderbr. Met verschildruk-zone;CA;1;;1;;;;;;;
15;;Circulatieleiding (perszijde pomp);;Contr. KK;EA;1;1;;;;a;;;;
42;;Circulatieleiding;Deelring Keuken;Inregelafsluiter met temperatuuropnemer;;;;;;;;;;;
43;;Circulatieleiding;Deelring GAV Gebouw;Inregelafsluiter met temperatuuropnemer;;;;;;;;;;;
44;;Circulatieleiding;Deelring Verdieping;Inregelafsluiter met temperatuuropnemer;;;;;;;;;;;
202;;Tussenwatermeter ;;Contr. KK;EA;1;1;;;;a;;;;
7;Restaurant;Keuken steamer;;;DEAB;1;1;;;;a;;;;
7a;Keuken;Koffieapparaat;;;EA;1;1;;;;a;;;;
10;Keuken;Brandslanghaspel;;;;1;1;;;;a;;;;
2a;Keuken;Buitenkraan;;;EA;1;1;;;;a;;;;
201;;Ontharder;2 * Culligan in serie;Contr. Onderbreker met verschil drukzone;BA;1;;;;1;a;;;;
16;;Boiler;Nibe EKS 800;Inlaatcombinatie;;1;;;1;;a;;;;
;Terp 1-2;;;;;;;;;;;;;;
;Terp 2;;;;;;;;;;;;;;
170;Hal entree;Brandslanghaspel;;Contr. KK;EA;1;1;;;;a;;;;
169;Keuken;Vaatwasser;;Contr. KK;EA;1;1;;;;a;;;;
50;;;;Beluchterkraan;DA;;;;;;;;;;
168;Poetshok;Tussenwatermeter;;Contr. KK;EA;1;1;;;;a;;;;
52;Separeerruimte;Mengventiel;;Niet contr. KK;EB;;;;;;;;;;
171;Washok;Wasmachine;;Contr. KK;EA;1;1;;;;a;;;;
54;;;;Beluchterkraan;DA;;;;;;;;;;
;1e verdieping;;;;;;;;;;;;;;
172;CV ruimte;Boiler;AO Smith BFC 30N 368 L;Inlaatcombinatie;;1;;;1;;a;;;;
173;;Circulatieleiding (perszijde pomp);;Contr. KK;EA;1;1;;;;a;;;;
57;;CV vulpunt;;Beluchterkraan;DA;;;;;;;;;;
174;;CV vulpunt;;Onderbr. Met verschildruk-zone;CA;1;;1;;;a;;;;
175;Gang;Brandslanghaspel;;Contr. KK;EA;1;1;;;;a;;;;
60;Doucheruimte;Mengventiel;;Niet Contr. KK (KW);EB;;;;;;;;;;
60A;;;;Niet Contr. KK;EB;;;;;;;;;;
61;Doucheruimte;Mengventiel;;Niet Contr. KK (KW);EB;;;;;;;;;;
61A;;;;Niet Contr. KK;EB;;;;;;;;;;
;Terp 1;;;;;;;;;;;;;;
165;Hal entree;Brandslanghaspel;;Contr. KK;EA;1;1;;;;a;;;;
166;Keuken;Vaatwasser;;Contr. KK;EA;1;1;;;;a;;;;
64;;;;Beluchterkraan;DA;;;;;;;;;;
167;Washok;Wasmachine;;Contr. KK;EA;1;1;;;;a;;;;
66;;;;Beluchterkraan;DA;;;;;;;;;;
;1e verdieping;;;;;;;;;;;;;;
176;Gang;Brandslanghaspel;;Contr. KK;EA;1;1;;;;a;;;;
68;Doucheruimte;Mengventiel;;Niet Contr. KK (KW);EB;;;;;;;;;;
68A;;;;Niet Contr. KK;EB;;;;;;;;;;
;Terp 3-4;;;;;;;;;;;;;;
;Terp 4;;;;;;;;;;;;;;
189;Hal entree;Brandslanghaspel;;Contr. KK;EA;1;1;;;;a;;;;
186;Keuken;Vaatwasser;;Contr. KK;EA;1;1;;;;a;;;;
188;Poetshok;Tussenwatermeter;;Contr. KK;EA;1;1;;;;a;;;;
187;Washok;Wasmachine;;Contr. KK;EA;1;1;;;;a;;;;
;1e verdieping;;;;;;;;;;;;;;
194;CV ruimte;Boiler;AO Smith BFC 30N 368 L;Inlaatcombinatie;;1;;;1;;a;;;;
195;;Circulatieleiding (perszijde pomp);;Contr. KK;EA;1;1;;;;a;;;;
196;;CV vulpunt;;Onderbr. Met verschildruk-zone;CA;1;;1;;;a;;;;
197;Gang;Brandslanghaspel;;Contr. KK;EA;1;1;;;;a;;;;
;Terp 3;;;;;;;;;;;;;;
192;Hal entree;Brandslanghaspel;;Contr. KK;EA;1;1;;;;a;;;;
190;Keuken;Vaatwasser;;Contr. KK;EA;1;1;;;;a;;;;
191;Washok;Wasmachine;;Contr. KK;EA;1;1;;;;a;;;;
;1e verdieping;;;;;;;;;;;;;;
193;Gang;Brandslanghaspel;;Contr. KK;EA;1;1;;;;a;;;;
;Hoofdgebouw;;;;;;;;;;;;;;
35;Meterkast entree;Tussenwatermeter;;Contr. KK;EA;1;1;;;;a;;;;
34;Gang bij medische dienst;Brandslanghaspel;;Contr. KK;EA;1;1;;;;a;;;;
95;Pantry;Vaatwasser;;Beluchterkraan;DA;;;;;;;;;;
96;;Koffieapparaat;;Beluchterkraan;DA;;;;;;;;;;
36;Keuken;Gezamenlijk vaatwasser en koffieapparaat;;Contr. KK;EA;1;1;;;;a;;;;
98;Boilerruimte;Boiler;Daalderop duo koper;Inlaatcombinatie;;1;;;1;;;;;;
36a;Keuken;Gezamenlijk vaatwasser en koffieapparaat;;Contr. KK;EA;1;1;;;;a;;;;
37;;Circulatieleiding (perszijde pomp);;Contr. KK;EA;1;1;;;;a;;;;
100;;Circulatieleiding;Deelring boven;Inregelafsluiter met temperatuuropnemer;;;;;;;;;;;
101;;Circulatieleiding;Deelring beneden;Inregelafsluiter met temperatuuropnemer;;;;;;;;;;;
37a;Boilerruimte;;;Inlaatcombinatie;EA;1;1;;;;a;;;;
38;Gang nabij MIVA toilet;Brandslanghaspel;;Contr. KK;EA;1;1;;;;a;;;;
;1e verdieping;;;;;;;;;;;;;;
39;Gang;Brandslanghaspel;;Contr. KK;EA;1;1;;;;a;;;;
40;Gang nabij trap;Brandslanghaspel;;Contr. KK;EA;1;1;;;;a;;;;
107;;Gezamenlijk vaatwasser en koffieapparaat;;;Contr. KK;1;1;;;;;;;;
41;Keuken;Vaatwasser;;;EA;1;1;;;;a;;;;
41a;Keuken;Koffieapparaat;;Contr. KK;EA;1;1;;;;a;;;;
;2e verdieping;;;;;;;;;;;;;;
42;Gang ;Brandslanghaspel;;Contr. KK;EA;1;1;;;;a;;;;
109;Install. Ruimte 1;Luchtbehandeling;;Beluchterkraan;DA;;;;;;;;;;
43;;Luchtbehandeling;;Onderbr. Met verschildruk-zone;CA;1;;1;;;a;;;;
111;Install. Ruimte 2;CV vulpunt;;Beluchterkraan;DA;;;;;;;;;;
112;;CV vulpunt;;Onderbr. Met verschildruk-zone;CA;1;;1;;;a;;;;
;Linde 1-2;;;;;;;;;;;;;;
113;CV ruimte;Boiler;AO Smith BFM 30 N;Inlaatcombinatie;;1;;;1;;;;;;
100;;Circulatieleiding (perszijde pomp);;Contr. KK;EA;1;1;;;;a;;;;
100a;;;;Inlaatcombinatie;EA;1;;;1;;a;;;;
101;;Tussenwatermeter;;Contr. KK;EA;1;1;;;;a;;;;
102;;Aftakking buitenkraan;;Contr. KK;EA;1;1;;;;a;;;;
117;;CV vulpunt;;Beluchterkraan;DA;;;;;;;;;;
103;;CV vulpunt;;Onderbr. Met verschildruk-zone;CA;1;;1;;;a;;;;
;Linde 1 BGG;;;;;;;;;;;;;;
99;Gang;Brandslanghaspel;;Contr. KK;EA;1;1;;;;a;;;;
98;Keuken;Vaatwasser;;Contr. KK;EA;1;1;;;;a;;;;
121;;;;Beluchterkraan;DA;;;;;;;;;;
;Linde 2 BGG;;;;;;;;;;;;;;
103;Gang;Brandslanghaspel;;Contr. KK;EA;1;1;;;;a;;;;
104;Keuken;Vaatwasser;;Contr. KK;EA;1;1;;;;a;;;;
124;;;;Beluchterkraan;DA;;;;;;;;;;
;1e verdieping;;;;;;;;;;;;;;
125;Leidingkamer;Mengventiel;;Niet Contr. KK (KW);EB;;;;;;;;;;
125A;;;;Niet Contr. KK;EB;;;;;;;;;;
;;;;(WW);;;;;;;;;;;
126;Doucheruimte 1;Mengventiel;;Niet Contr. KK (KW);EB;;;;;;;;;;
126A;;;;Niet Contr. KK;EB;;;;;;;;;;
;;;;(WW);;;;;;;;;;;
127;Doucheruimte 2;Mengventiel;;Niet Contr. KK (KW);EB;;;;;;;;;;
127A;;;;Niet Contr. KK;EB;;;;;;;;;;
;;;;(WW);;;;;;;;;;;
128;Doucheruimte 3;Mengventiel;;Niet Contr. KK (KW);EB;;;;;;;;;;
128A;;;;Niet Contr. KK;EB;;;;;;;;;;
;;;;(WW);;;;;;;;;;;
129-130;Washok;Wasmachine;;2* Beluchter met niet contr. KK;DA/EB;;;;;;;;;;
106;Gang;Brandslanghaspel;;Contr. KK;EA;1;1;;;;a;;;;
107;Washok;WM;;Contr. KK;EA;1;1;;;;a;;;;
105;Gang bij leidingkamer;Brandslanghaspel;;Contr. KK;EA;1;1;;;;a;;;;
;Linde 3-4;;;;;;;;;;;;;;
133;CV ruimte;Boiler;AO Smith BFM 30 N;Inlaatcombinatie;;;;;;;;;;;
93;;Buitenkraan;;;EA;1;1;;;;a;;;;
92;;Circulatieleiding (perszijde pomp);;Contr. KK;EA;1;1;;;;a;;;;
91;;Tussenwatermeter;;Contr. KK;EA;1;1;;;;a;;;;
137;;CV vulpunt;;Beluchterkraan;DA;;;;;;;;;;
90;;CV vulpunt;;Onderbr. Met verschildruk-zone;CA;1;;1;;;a;;;;
90a;;;;Inlaatcombinatie;EA;1;;;1;;a;;;;
;Linde 3 BGG;;;;;;;;;;;;;;
88;Gang;Brandslanghaspel;;Contr. KK;EA;1;1;;;;a;;;;
89;Keuken;Vaatwasser;;Contr. KK;EA;1;1;;;;a;;;;
141;;;;Beluchterkraan;DA;;;;;;;;;;
;Linde 4 BGG;;;;;;;;;;;;;;
87;Gang;Brandslanghaspel;;Contr. KK;EA;1;1;;;;a;;;;
86;Keuken;Vaatwasser;;Contr. KK;EA;1;1;;;;a;;;;
144;;;;Beluchterkraan;DA;;;;;;;;;;
;1e verdieping;;;;;;;;;;;;;;
145;Leidingkamer;Mengventiel;;Niet Contr. KK (KW);EB;;;;;;;;;;
145A;;;;Niet Contr. KK;EB;;;;;;;;;;
;;;;(WW);;;;;;;;;;;
146;Doucheruimte 1;Mengventiel;;Niet Contr. KK (KW);EB;;;;;;;;;;
146a;;;;Niet Contr. KK;EB;;;;;;;;;;
;;;;(WW);;;;;;;;;;;
147;Doucheruimte 2;Mengventiel;;Niet Contr. KK (KW);EB;;;;;;;;;;
147A;;;;Niet Contr. KK;EB;;;;;;;;;;
;;;;(WW);;;;;;;;;;;
148;Doucheruimte 3;Mengventiel;;Niet Contr. KK (KW);EB;;;;;;;;;;
148A;;;;Niet Contr. KK;EB;;;;;;;;;;
;;;;(WW);;;;;;;;;;;
149-150;Washok;Wasmachine;;2* Beluchterkraan;DA;;;;;;;;;;
95/96;;Wasmachine;;Contr. KK;EA;2;2;;;;a;;;;
97;Gang;Brandslanghaspel;;Contr. KK;EA;1;1;;;;a;;;;
94;Gang bij leidingkamer;Brandslanghaspel;;Contr. KK;EA;1;1;;;;a;;;;
;Linde 5-6;;;;;;;;;;;;;;
154;CV ruimte;Boiler;AO Smith BFM 30 N;Inlaatcombinatie;;;;;;;;;;;
66;;Circulatieleiding (perszijde pomp);;Contr. KK;EA;1;1;;;;a;;;;
67;;Tussenwatermeter;;Contr. KK;EA;1;1;;;;a;;;;
68;;Aftakking buitenkraan;;Contr. KK;EA;1;1;;;;a;;;;
69;;CV vulpunt;;Onderbr. Met verschildruk-zone;CA;1;;1;;;a;;;;
;Linde 5 BGG;;;;;;;;;;;;;;
73;Gang;Brandslanghaspel;;Contr. KK;EA;1;1;;;;a;;;;
70;Keuken;Vaatwasser;;Contr. KK;EA;1;1;;;;a;;;;
162;;;;Beluchterkraan;DA;;;;;;;;;;
;Linde 6 BGG;;;;;;;;;;;;;;
72;Gang;Brandslanghaspel;;Contr. KK;EA;1;1;;;;a;;;;
71;Keuken;Vaatwasser;;Contr. KK;EA;1;1;;;;a;;;;
165;;;;Beluchterkraan;DA;;;;;;;;;;
;1e verdieping;;;;;;;;;;;;;;
166;Leidingkamer;Mengventiel;;Niet Contr. KK (KW);EB;;;;;;;;;;
166A;;;;Niet Contr. KK;EB;;;;;;;;;;
;;;;(WW);;;;;;;;;;;
167;Doucheruimte 1;Mengventiel;;Niet Contr. KK (KW);EB;;;;;;;;;;
167A;;;;Niet Contr. KK;EB;;;;;;;;;;
;;;;(WW);;;;;;;;;;;
168;Doucheruimte 2;Mengventiel;;Niet Contr. KK (KW);EB;;;;;;;;;;
168A;;;;Niet Contr. KK;EB;;;;;;;;;;
;;;;(WW);;;;;;;;;;;
169;Doucheruimte 3;Mengventiel;;Niet Contr. KK (KW);EB;;;;;;;;;;
169A;;;;Niet Contr. KK;EB;;;;;;;;;;
;;;;(WW);;;;;;;;;;;
170-171;Washok;Wasmachine;;2* Beluchterkraan;DA;;;;;;;;;;
74;;Wasmachine;;2* Contr. KK;EA;2;2;;;;a;;;;
75;;;;;;;;;;;a;;;;
76;Gang;Brandslanghaspel;;Contr. KK;EA;1;1;;;;a;;;;
;;;;;;;;;;;;;;;
77;Gang bij leidingkamer;Brandslanghaspel;;Contr. KK;EA;1;1;;;;a;;;;
;Linde 7-8;;;;;;;;;;;;;;
54;CV ruimte;Boiler;AO Smith BFM 30 N;Inlaatcombinatie;;1;;;1;;a;;;;
55;;Circulatieleiding (perszijde pomp);;Contr. KK;EA;1;1;;;;a;;;;
56;;Tussenwatermeter;;Contr. KK;EA;1;1;;;;a;;;;
57;;Aftakking buitenkraan;;Contr. KK;EA;1;1;;;;a;;;;
58;;CV vulpunt;;Onderbr. Met verschildruk-zone;CA;1;;1;;;a;;;;
;Linde 7 BGG;;;;;;;;;;;;;;
60;Gang;Brandslanghaspel;;Contr. KK;EA;1;1;;;;a;;;;
59;Keuken;Vaatwasser;;Contr. KK;EA;1;1;;;;a;;;;
;Linde 8 BGG;;;;;;;;;;;;;;
61;Gang;Brandslanghaspel;;Contr. KK;EA;1;1;;;;a;;;;
53;Keuken;Vaatwasser;;Contr. KK;EA;1;1;;;;a;;;;
;1e verdieping;;;;;;;;;;;;;;
64/65;Washok;Wasmachine;;Contr. KK;EA;2;2;;;;a;;;;
62;Gang;Brandslanghaspel;;Contr. KK;EA;1;1;;;;a;;;;
63;Gang bij leidingkamer;Brandslanghaspel;;Contr. KK;EA;1;1;;;;a;;;;
;Linde 9-10 BGG;;;;;;;;;;;;;;
46;CV ruimte;Boiler;;;EA;1;1;;;;a;;;;
47;CV ruimte;;;Inlaatcombinatie;EA;1;;;1;;a;;;;
48;CV ruimte;Circulatieleiding;;;EA;1;1;;;;a;;;;
49;CV ruimte;Tussen meter;;;EA;1;1;;;;a;;;;
50;CV ruimte;Vulkraan;;;CA;1;;1;;;a;;;;
50a;Washok nr. 9;Wm;;;DAEB;1;1;;;;a;;;;
50b;Keuken nr. 9;Vaatwasser;;;EA;1;1;;;;a;;;;
44;Gang nr. 9;Brandslanghaspel;;;;1;1;;;;a;;;;
45;Gang nr. 10;Brandslanghaspel;;;;1;1;;;;a;;;;
45a;Washok nr. 10;Wm;;;DAEB;1;1;;;;a;;;;
45b;Keuken nr. 10;Vaatwasser;;;DAEB;1;1;;;;a;;;;
51;Gang 1e verd.;Brandslanghaspel;;;;1;1;;;;a;;;;
52;Gang 1e verd.;Brandslanghaspel;;;;1;1;;;;a;;;;
;Appartementen complex;;;;;;;;;;;;;;
177;Meterkast;Tussenwatermeter;;Contr. KK;EA;1;1;;;;a;;;;
180;Gang nabij ;Brandslanghaspel;;Contr. KK;EA;1;1;;;;a;;;;
;app. 4;;;;;;;;;;a;;;;
178;Washok;Wasmachine;;Contr. KK;EA;1;1;;;;a;;;;
179;Groepskamer – keuken;Vaatwasser;;Contr. KK;EA;1;1;;;;a;;;;
181;;CV vulpunt;;Onderbr. Met verschildruk-zone;CA;1;;1;;;a;;;;
;1e Verdieping;;;;;;;;;;;;;;
183;Gang nabij ;Brandslanghaspel;;Contr. KK;EA;1;1;;;;a;;;;
;app. 12;;;;;;;;;;a;;;;
182;Washok;Wasmachine;;Contr. KK;EA;1;1;;;;a;;;;
184;Boilerruimte;Boiler;AO Smith BFM 30 N 309 L;Inlaatcombinatie;;1;;;1;;a;;;;
185;;Circulatieleiding (perszijde pomp);;Contr. KK;EA;1;1;;;;a;;;;
;Meander1-2;;;;;;;;;;;;;;
126;Meterkast;Tussenwatermeter;;Contr. KK;EA;1;1;;;;a;;;;
127;Keuken 1;Vaatwasser;;Contr. KK;EA;1;1;;;;a;;;;
128;;Aansluiting buitenkraan;;Contr. KK;EA;1;1;;;;a;;;;
130;Keuken 2;Vaatwasser;;Contr. KK;EA;1;1;;;;a;;;;
131;;Aansluiting buitenkraan;;Contr. KK;EA;1;1;;;;a;;;;
129;Gang onder trap Meander 1;Brandslanghaspel;;Contr. KK;EA;1;1;;;;a;;;;
132;Gang onder trap Meander 2;Brandslanghaspel;;Contr. KK;EA;1;1;;;;a;;;;
133;Washok;Wasmachine;;Contr. KK;EA;1;1;;;;a;;;;
134;Activiteiten-ruimte II;Brandslanghaspel;;Contr. KK;EA;1;1;;;;a;;;;
;1e verdieping;;;;;;;;;;;;;;
137;CV ruimte;Boiler;AO Smith BFM 30 N;Inlaatcombinatie;;1;;;1;;a;;;;
138;;Circulatieleiding (perszijde pomp);;Contr. KK;EA;1;1;;;;a;;;;
139;;CV vulpunt;;Onderbr. Met verschildruk-zone;CA;1;;1;;;a;;;;
135;Gang nabij trap Meander 1;Brandslanghaspel;;Contr. KK;EA;1;1;;;;a;;;;
136;Gang nabij trap Meander 2;Brandslanghaspel;;Contr. KK;EA;1;1;;;;a;;;;
;;;;;;;;;;;;;;;
;;;;;;;;;;;;;;;
;Brug I en II;;;;;;;;;;;;;;
151;CV ruimte;CV vulpunt;;Onderbr. Met verschildruk-zone;CA;1;;1;;;a;;;;
152;;Boiler;Van der Beyl 120 IM 2000 200L;Inlaatcombinatie;;1;;;1;;a;;;;
150;;Circulatieleiding (perszijde pomp);;Contr. KK;EA;1;1;;;;a;;;;
153;;Aftakking buitenkraan;;Contr. KK;EA;1;1;;;;a;;;;
;;;;;;;;;;;;;;;
;Brug I;;;;;;;;;;;;;;
155;Hal entrée;Brandslanghaspel;;Contr. KK;EA;1;1;;;;a;;;;
154;Keuken;Vaatwasser;;Contr. KK;EA;1;1;;;;a;;;;
;1e verdieping;;;;;;;;;;;;;;
156;Washok;Wasmachine;;Contr. KK;EA;1;1;;;;a;;;;
157;Gang;Brandslanghaspel;;Contr. KK;EA;1;1;;;;a;;;;
;;;;;;;;;;;a;;;;
163/164;Badkamer;Mengventiel Douches in zwevend plafond entrée BGG;;Contr. KK (Beide poorten);EA;2;2;;;;a;;;;
;Brug II;;;;;;;;;;;;;;
159;Hal entrée;Brandslanghaspel;;Contr. KK;EA;1                                            1;1                                            1;;;;a               a;;Kan niet goed getest worden want binnenwerk haspel lekt.;;
160;Keuken;Vaatwasser;;Contr. KK;EA;1;1;;;;a;;;;
;1e verdieping;;;;;;;;;;;;;;
158;Gang;Brandslanghaspel;;Contr. KK;EA;1;1;;;;a;;;;
161/162;Badkamer;Mengventiel Douches in zwevend plafond entrée BGG;;Contr. KK (Beide poorten);EA;2;2;;;;a;;;;
;Wijzer / Domino;;;;;;;;;;;;;;
140;CV ruimte;CV vulpunt;;Onderbr. Met verschildruk-zone;CA;1;1;;;;a;;;;
141;;Boiler;AO Smith BFC 30 N 368 L;Inlaatcombinatie;;1;;;1;;a;;;;
142;;Circulatieleiding (perszijde pomp);;Contr. KK;EA;1;1;;;;a;;;;
304;;Tussenwatermeter;;Contr. KK;EA;1;1;;;;;;;;
143;;Aftakking buitenkraan;;Contr. KK;EA;1;1;;;;;;;;
;Wijzer Links;;;;;;;;;;;;;;
149;Hal entrée;BSH;;Contr. KK;EA;1;1;;;;;;;;
148;Keuken;Vaatwasser;;Contr. KK;EA;1;1;;;;;;;;
143;;Buitenkraan;;Contr. KK;EA;1;1;;;;a;;;;
;1e verdieping;;;;;;;;;;;;;;
147;Gang;Brandslanghaspel;;Contr. KK;EA;1;1;;;;a;;;;
148;Keuken;Vaatwasser;;Contr. KK;EA;1;1;;;;a;;;;
;Domino Rechts;;;;;;;;;;;;;;
145;Hal entrée;Brandslanghaspel;;Contr. KK;EA;1;1;;;;a;;;;
144;Keuken;Vaatwasser;;Contr. KK;EA;1;1;;;;a;;;;
;1e verdieping;;;;;;;;;;;;;;
146;Gang;Brandslanghaspel;;Contr. KK;EA;1;1;;;;a;;;;
149;Gang B.G.;Brandslanghaspel;;Contr. KK;EA;1;1;;;;a;;;;
;De Schakel;;;;;;;;;;;;;;
116;Watermeterput;Tussenwatermeter;;Contr. KK;EA;1;1;;;;a;;;;
110/111/112/113/114/115;;Aftakkingen na Tussenwatermeter (6 KK);;Contr. Keerkleppen;EA;6;6;;;;a;;;;
;;;;(6*);;;;;;;a;;;;
118 & 118a;Keuken;2 * Vaatwasser;;Contr. KK;EA;2;2;;;;a;;;;
;;;;;;;;;;;;;;;
119;;Aftakking naar buitenkraan;;Contr. KK;EA;1;1;;;;a;;;;
121;Badkamer;Wasmachine;;Contr. KK;EA;1;1;;;;a;;;;
120;Zitkamer 1;Brandslanghaspel;;Contr. KK;EA;1;1;;;;a;;;;
117;Zitkamer 2;Brandslanghaspel;;Contr. KK;EA;1;1;;;;a;;;;
;1e verdieping;;;;;;;;;;;;;;
122;Gang;Brandslanghaspel;;Contr. KK;EA;1;1;;;;a;;;;
123;CV ruimte;Boiler;Sentry SF 40 150 L;Inlaatcombinatie;;1;;;1;;a;;;;
124;;Circulatieleiding (perszijde pomp);;Contr. KK;EA;1;1;;;;a;;;;
125;;CV vulpunt;;Onderbr. Met verschildruk-zone;CA;1;;1;;;a;;;;
;Munsel;;;;;;;;;;;;;;
17/18;Washok;2 * wasmachine;;Contr. KK;EA;2;2;;;;a;;;;
19;;Aansluiting naar buitenkraan;;Contr. KK;EA;1;1;;;;a;;;;
19a;Keuken;Vaatwasser;;Contr. KK;EA;1;1;;;;a;;;;
20;Meterkast links;Tussenwatermeter;;Contr. KK;EA;1;1;;;;a;;;;
21;Entree links;Brandslanghaspel;;Contr. KK;EA;1;1;;;;a;;;;
;;;;;;;;;;;;;;;
22;Meterkast midden;Tussenwatermeter;;Contr. KK;EA;1;1;;;;a;;;;
23;Entree midden;Brandslanghaspel;;Contr. KK;EA;1;1;;;;a;;;;
24;Meterkast rechts;Tussenwatermeter;;Contr. KK;EA;1;1;;;;a;;;;
25;Entree rechts;Brandslanghaspel;;Contr. KK;EA;1;1;;;;a;;;;
26;Keuken rechts;Wasmachine;;Contr. KK;EA;1;1;;;;a;;;;
;1e verdieping;;;;;;;;;;;;;;
27;Opslagruimte;Tappunt;;Contr. KK;EA;1;1;;;;a;;;;
;2e verdieping;;;;;;;;;;;;;;
29;CV ruimte links;HR combi ketel;;Inlaatcombinatie;;1;;;1;;a;;;;
28;;CV vulpunt;;Contr. KK;EA;1;1;;;;a;;;;
30;CV ruimte midden;HR combi ketel;;Inlaatcombinatie;;1;;;1;;a;;;;
31;;CV vulpunt;;Contr. KK;EA;1;1;;;;a;;;;
32;CV ruimte rechts;HR combi ketel;;Inlaatcombinatie;;1;;;1;;a;;;;
33;;CV vulpunt;;Contr. KK;EA;1;1;;;;a;;;;
;Binnenkomst Terrein;;;;;;;;;;;;;;
;Binnenkomst schoolgebouw 2;;;;;;;;;;;;;;
107;Kelder;Tussenwatermeter ;;Contr. KK;EA;1;1;;;;a;;;;
;Binnenkomst schoolgebouw 2;;;;;;;;;;;;;;
199/200;Watermeterput;Tussenwatermeter;;Contr. KK;EA;2;2;;;;a;;;;
108;Binnenkomst Tuinkas;Meterkast;;Contr. KK;EA;1;1;;;;a;;;;
109;Binnenkomst Tuinkas School;Brandslanghaspel;;Contr. KK;EA;1;1;;;;a;;;;
110;Tuinkas;Vulkraan;;;CA;1;1;;;;a;;;;
;;;;;;;;;;;;;;;
;;;;Totaal aantal per type;;;191;15;16;1;;;;;
;;;;;;;;;;;;;;;
;;;;Totaal aantal ;;223;;;;;;;;;
;;;;;;;;;;;;;;;
;;;;;;;;;;;;;;;
;;;;;;;;;;;;;;;
;;;;;;;;;;;;;;;
